A,>,T
C,>,G
T,>,G
G,>,A
T,>,A
G
T,>,C
C,>,A
G,>,C
C
T,o,t
C,>,T
A,>,G
A
T
G,>,T
A,>,C
A,>,T
C,>,G
T,>,G
G,>,A
T,>,A
G
T,>,C
C,>,A
G,>,C
C
T,o,t
C,>,T
A,>,G
A
T
G,>,T
A,>,C
A,>,T
C,>,G
T,>,G
G,>,A
T,>,A
G
T,>,C
C,>,A
G,>,C
C
T,o,t
C,>,T
A,>,G
A
T
G,>,T
A,>,C
A,>,T
C,>,G
T,>,G
G,>,A
T,>,A
G
T,>,C
C,>,A
G,>,C
C
T,o,t
C,>,T
A,>,G
A
T
G,>,T
A,>,C
A,>,C
T,>,G
A,>,G
T,>,C
A,>,T
T,>,A
C,>,A
G,>,T
C,>,G
G,>,C
C,>,T
G,>,A
A
C
G
T
T,o,t
A,>,C
T,>,G
A,>,G
T,>,C
A,>,T
T,>,A
C,>,A
G,>,T
C,>,G
G,>,C
C,>,T
G,>,A
A
C
G
T
T,o,t
A>C,T>G,A>G,T>C,A>T,T>A,C>A,G>T,C>G,G>C,C>T,G>A,A,C,G,T,Tot
